id;first_name;last_name;email;street;post_code;city;country;birthday
1;Garnett;Schinner;Christelle_Renner59@hotmail.com;Crist Dam;04836;New Mactown;Austria;2019-09-05
2;Mireya;Sipes;Coy99@hotmail.com;Elliott Estates;50402-5631;West Wayneborough;Denmark;2019-09-05
3;Aubree;Schaden;Cody_Homenick@yahoo.com;Beahan Pike;66140-0999;Raheembury;French Southern Territories;2019-09-06
4;Axel;Fay;Dayne.Kessler60@hotmail.com;Alexzander Mews;93216;Hagenesview;Macao;2019-09-06
5;Karson;Mante;Alexandrea_Wisozk44@gmail.com;Tremblay Views;57930-5150;Hanehaven;Honduras;2019-09-05
6;Donavon;Lind;Kyler.Hermiston60@hotmail.com;Connelly Neck;81009;Lake Godfrey;Congo;2019-09-06
7;Abner;Ankunding;Cloyd_Quigley79@hotmail.com;April Springs;36198-8643;North Gabrielburgh;Oman;2019-09-06
8;Mandy;Rempel;Louvenia_Goodwin47@yahoo.com;Witting Junction;87752-7240;Mercedesview;Botswana;2019-09-06
9;Ida;Brekke;Alexandrea.Tremblay@gmail.com;Johan Harbor;91264-5722;Blickstad;Finland;2019-09-05
10;Caroline;Thompson;Lindsey63@hotmail.com;Jacky Course;21488-5381;Hermannborough;Tunisia;2019-09-06
