id;first_name;last_name;email;street;postcode;city;country;items
1;Tyree;Nitzsche;Aleen_Stroman@hotmail.com;King Views;incubate deposit Station;Reggieside;Netherlands Antilles;parsing invoice
2;Cora;Dietrich;Ansel37@gmail.com;Botsford Brook;Gourde US Dollar Handcrafted Plastic Shirt;Parkertown;Grenada;directional Avon Solomon Islands Dollar
3;Faustino;Murphy;Serenity.Batz80@hotmail.com;Lockman Vista;deliverables;Raemouth;Yemen;infrastructures incentivize quantify
4;Evalyn;Stroman;Kellie42@hotmail.com;Myrtle Ranch;Configurable iterate Liechtenstein;Lake Gillian;Germany;Direct
5;Giles;Becker;Verona.Ullrich35@gmail.com;Valentin Harbors;Applications Missouri deposit;North Eldon;Morocco;Pakistan
6;Craig;Rolfson;Pauline.Sauer9@hotmail.com;Wiza Viaduct;Designer;South Myrahaven;Malta;bandwidth Liaison
7;Marta;Rowe;Liam83@hotmail.com;Prohaska Cliffs;Fantastic Fresh Salad;Cadenton;Luxembourg;Visionary
8;Krista;Hintz;Gabe.Thompson94@hotmail.com;Laney Union;dynamic bandwidth Buckinghamshire;South Meaghan;Isle of Man;National
9;Berry;Kemmer;Deondre.Anderson@yahoo.com;Robel Parkway;hack;O'Connellmouth;Saint Helena;Idaho Markets grow
10;Edgardo;Boehm;Julio_Ernser@hotmail.com;Wolff Squares;Arizona success Sleek Frozen Chips;Binsberg;Martinique;Associate Central African Republic Savings Account
